case,width,height,tiles,payload,prompt_chars,payload_bytes,encoded_bytes,watermark_bits,encode_s,decode_s,decode_ok,signature_valid,mse,psnr,mae,max_diff,changed_pixels,original_bytes,signed_bytes,size_change_pct
1,1920,1080,6,test-model-a,45,167,199,1592,0.2048760000616312,0.042516417102888227,True,True,1.626594971707819,46.018009354360096,0.5314753729423868,22.0,0.26980902777777777,2983696,3045296,2.064553493385385
2,1920,1080,6,neon-model,76,184,216,1728,0.18604450020939112,0.037506541935727,True,True,3.80130658436214,42.33147462975613,0.7284767232510289,46.0,0.3511255787037037,2529721,2620755,3.598578657488316
3,1920,1080,6,minimal,0,111,143,1144,0.1981824580579996,0.03535704198293388,True,True,0.897732767489712,48.599332835286766,0.35266943158436215,21.0,0.20991898148148147,2470774,2537527,2.7017040004468234
4,1024,1024,4,test-model-a,45,167,199,1592,0.09869991592131555,0.020162415923550725,True,True,1.5701230367024739,46.171466752947794,0.6343892415364584,27.0,0.3776988983154297,814041,875280,7.5228397586853735
5,1024,1024,4,neon-model,76,184,216,1728,0.0979519160464406,0.01773604191839695,False,False,19.773897806803387,35.169880755130485,1.5858605702718098,73.0,0.42427539825439453,1772969,1801074,1.5851941009684887
6,1024,1024,4,minimal,0,111,143,1144,0.09703241591341794,0.018482666928321123,True,True,0.9733355840047201,48.24817759906586,0.44366931915283203,16.0,0.2792081832885742,936260,977120,4.364172345288702
7,1024,1024,4,test-model-a,45,167,199,1592,0.0975721669383347,0.01868608291260898,True,True,1.2620805104573567,47.11993300625331,0.5979944864908854,21.0,0.35416698455810547,501576,562537,12.153890935770452
8,1024,1024,4,neon-model,76,184,216,1728,0.08947849995456636,0.01675375015474856,True,True,1.2767410278320312,47.06977546289995,0.6383107503255209,8.0,0.3887443542480469,488080,559709,14.675667923291263
9,1024,1024,4,minimal,0,111,143,1144,0.07447666698135436,0.013631709152832627,True,True,0.9408629735310873,48.395539831075965,0.47114721934000653,4.0,0.39113521575927734,256285,301977,17.82858926585637
10,1024,1024,4,test-model-a,45,167,199,1592,0.10051420796662569,0.017720415955409408,True,True,1.187124252319336,47.38584183385487,0.5863869984944662,13.0,0.3508014678955078,539886,610381,13.057386188936182
11,1024,1024,4,neon-model,76,184,216,1728,0.10453991708345711,0.017967541003599763,True,True,1.2469749450683594,47.17222633394076,0.6326738993326823,4.0,0.3899402618408203,559921,665326,18.82497709498304
12,1024,1024,4,minimal,0,111,143,1144,0.08797820890322328,0.016594999935477972,True,True,1.1740671793619792,47.43387413196959,0.4660638173421224,26.0,0.31131935119628906,658940,698463,5.9979664309345315
13,1920,1080,6,test-model-a,45,167,199,1592,0.18298108410090208,0.03234029095619917,True,True,1.0365833976337449,47.9747611215621,0.45483314043209877,22.0,0.3253052662037037,1432464,1598746,11.608110221269087
14,1920,1080,6,neon-model,76,184,216,1728,0.17890687519684434,0.03265304095111787,True,True,1.1102229616769548,47.67670155682847,0.5040276170267489,18.0,0.3088054591049383,1786842,1887559,5.6365923791807
15,1920,1080,6,minimal,0,111,143,1144,0.1719769579358399,0.031564499950036407,True,True,0.6293140753600823,50.14212915497584,0.31836242926954733,7.0,0.19508246527777778,1434637,1555478,8.423106332821472
16,512,512,1,test-model-a,45,167,199,1592,0.03339937492273748,0.010290333069860935,True,True,1.7293294270833333,45.752026291690164,0.6594187418619791,16.0,0.3863067626953125,353584,364999,3.228370061993755
17,512,512,1,neon-model,76,184,216,1728,0.03207700001075864,0.00970270810648799,True,True,1.3028856913248699,46.981740463099854,0.6514091491699219,7.0,0.4166297912597656,191947,207738,8.226750092473443
18,512,512,1,minimal,0,111,143,1144,0.02541987504810095,0.00809908309020102,True,True,0.8364957173665365,48.90616639034939,0.41864903767903644,3.0,0.24459457397460938,108989,116980,7.331932580352146
19,1024,1024,4,test-model-a,45,167,199,1592,0.09349358384497464,0.018017458030954003,True,True,7.903682390848796,39.15250881043552,1.0412607192993164,44.0,0.3670644760131836,1291409,1333179,3.234451672553002
20,1024,1024,4,neon-model,76,184,216,1728,0.12006708397530019,0.02219841699115932,True,True,2.7021233240763345,43.813751946631676,0.7800213495890299,27.0,0.3793964385986328,1482874,1518254,2.3859073663709798
21,1024,1024,4,minimal,0,111,143,1144,0.080969792092219,0.01575466711074114,True,True,0.8851728439331055,48.66052279054748,0.4558693567911784,12.0,0.35734081268310547,428016,482684,12.77241972262719
22,2560,1440,10,test-model-a,45,167,199,1592,0.27722187503241,0.051683582831174135,True,True,0.8446066623263889,48.86425858015138,0.4291158492476852,8.0,0.28630262586805555,2182989,2348154,7.566002393965339
23,2560,1440,10,neon-model,76,184,216,1728,0.4131227920297533,0.0682239169254899,True,True,0.9220470739293981,48.48327266901157,0.4543622504340278,16.0,0.29257134331597223,3937558,4085133,3.747881301050042
24,2560,1440,10,minimal,0,111,143,1144,0.3184749169740826,0.05302450014278293,True,True,0.6455980541087963,50.03118148154958,0.3153423394097222,26.0,0.21370279947916668,3004366,3127472,4.097570003122123
25,512,512,1,test-model-a,45,167,199,1592,0.039006915874779224,0.010046750074252486,True,True,1.1379191080729167,47.56968970659666,0.5766932169596354,4.0,0.35076141357421875,351588,372289,5.887857378522589
26,512,512,1,neon-model,76,184,216,1728,0.035075874999165535,0.010687791043892503,True,True,4.714530944824219,41.3964187020131,0.9679845174153646,26.0,0.3836479187011719,473826,484676,2.289870121099306
27,512,512,1,minimal,0,111,143,1144,0.02409145887941122,0.008754000067710876,True,True,0.84820556640625,48.845792426480315,0.4298095703125,3.0,0.2729454040527344,298014,306432,2.8246995107612394
28,800,600,1,test-model-a,45,167,199,1592,0.049400333082303405,0.014806833118200302,True,True,2.3836784722222224,44.358326866272776,0.5000576388888889,35.0,0.2596395833333333,811737,817534,0.7141475625726067
29,800,600,1,neon-model,76,184,216,1728,0.03430258412845433,0.010884582996368408,True,True,0.9697604166666667,48.26415907603234,0.33969791666666665,26.0,0.18896666666666667,333489,346190,3.808521420496628
30,800,600,1,minimal,0,111,143,1144,0.037804167019203305,0.009839958045631647,True,True,0.4617173611111111,51.48704156030868,0.23821319444444444,4.0,0.1639125,284252,305848,7.597483922716462
31,800,600,1,test-model-a,45,167,199,1592,0.047750583151355386,0.014570583123713732,True,True,1.8597458333333334,45.43626766501266,0.47836944444444446,18.0,0.21277708333333334,922224,924312,0.22640920210274296
32,800,600,1,neon-model,76,184,216,1728,0.04765120893716812,0.012454250128939748,True,True,0.7311208333333333,49.490912015391004,0.34721944444444447,12.0,0.21115833333333334,491935,509357,3.541524794942421
33,800,600,1,minimal,0,111,143,1144,0.040749792009592056,0.011568333022296429,True,True,0.4617104166666667,51.48710688071543,0.23639652777777778,4.0,0.15979791666666668,579305,592908,2.3481585693201334
34,1024,1024,4,test-model-a,45,167,199,1592,0.1085862498730421,0.023336665937677026,True,True,2.266523996988932,44.57720039324205,0.7173067728678385,27.0,0.4349031448364258,1643204,1701927,3.573688963756174
35,1024,1024,4,neon-model,76,184,216,1728,0.11515070800669491,0.01846024999395013,True,True,1.268001874287923,47.09960465372433,0.6479438145955404,8.0,0.4312114715576172,865577,960470,10.962976141926136
36,1024,1024,4,minimal,0,111,143,1144,0.10948812519200146,0.021129125030711293,True,True,3.4975757598876953,42.693132304860804,0.6520042419433594,41.0,0.32295894622802734,1456442,1505209,3.3483654000639915
